smiles,tanimoto_coefficient,id
O1C(NC(C2CC2)C3CC3)=NCC1,0.13793103448275862,11111726
OC\C=C(\C=C/C=C(/C=C\C=1C(CCCC1C)(C)C)\C)/C,0.14705882352941177,11113261
S1CC(Cc2c(c(c(c(c2C)C)C)C)CC3(CSC3)C)(C1)C,0.13157894736842105,4253793
S1(=O)(=O)N2[C@H]3NS(=O)(=O)N[C@@H]4N1[C@@H](NS(=O)(=O)N[C@H]2CC3)CC4,0.125,4254193
[N+](CCCCCC[N+](C)(C)C)(C)(C)C,0.11363636363636363,11111255
Ic1cc(Cl)c(N=C2NCCN2)c(Cl)c1,0.14893617021276595,11111295
P([O-])(=O)(C1=CC[NH2+]CC1)C,0.13725490196078433,11111850
S(C[C@H]1N=CN=C1C)CCN/C(=N\C#N)/NC,0.14864864864864866,11112777
o1nc(c\2c1CCC/C2=N/O)CCC,0.13157894736842105,14723964
